chefName,chefName2,chefName3
,,
aashish salunkhe,,
abel,,
abel,,
adelino de sousa,,
ademar souza,,
ailton torres,,
albano,,
albert lepcha,,
alberto coelho,,
alberto soto,,
alessandro olivotto com consultadoria de augusto gemelli,,
alessandro valenti,,
alex davico,joao pereira,
alexandre gulaze,,
alexandre lima,,
alexandre silva,,
alfonso cantarelli,,
alice de almeida,avantika sharma,
alice pola,,
alipio branco,,
allyson,,
ana borba,,
ana costa,,
ana leao,,
ana sousa,barbara tome,
anacleto pereira,,
andre almeida,,
andre campos,,
andre catarino,,
andre cruz,,
andre freire,,
andre mendes,,
andre ramos,,
andre ramos,,
andrea cardoso,,
andrea cardoso,,
andrei jomir,,
andreia nunes,,
andreia nunes,,
andreia oliveira,,
angela rizzo,,
anita clement,,
anthoney pires,,
anthoney pires,,
antonio fonseca,,
antonio joaquim,,
antonio junior,,
antonio mendes,,
antonio nobre,,
antonio nobre,,
antonio pimpao,,
antonio torres,,
antonio vasconcelos,,
armando matos,,
armando paulino,francisco guerreiro,
artur roldao,,
artur santos,,
arturo granato,,
arturo granato,,
axel a,,
b blon,,
barrigo,,
bashar khabbaz,,
begona rodrigo,,
bernardo,,
bernardo alves,,
bimal bhattarai,,
breard christophe,,
breard christophe,,
bruno amaro,,
bruno antunes,,
bruno cardoso,,
bruno caseiro,,
bruno china,,
bruno goncalves,,
bruno lopes & joao martins,,
bruno marques,,
bruno marques,,
bruno matos,,
bruno silverio,pizzaiolo miguel castro,
bruno viegas,,
camilo jana,,
camilo jana,,
camilo jana,,
camilo jana,,
camilo vecino,,
carina nobre,,
carla nunes,,
carlo coelho,,
carlos afonso,,
carlos ah chak,,
carlos contardi,,
carlos correia,,
carlos guerreiro,,
carlos guerreiro,,
carlos guerreiro,,
carlos guerreiro,,
carlos guerreiro,,
carlos guerreiro,,
carlos guerreiro,,
carlos guerreiro,,
carlos luzio,,
carlos monteiro,,
carlos vinagre,luis gomes,
carol silva,,
carolina antony,,
catarina neves,,
cavaleiro,,
celeste gaio,,
celso padeiro,,
celso padeiro,,
cerveira do amaral,,
chackall,,
christian,,
christian d'angelo,,
cidalia domingos,,
ciro piedimonti,,
ciro piedimonti,,
claudia martins,,
claudio silame,,
cristina veiga,,
cyril choisne,,
d'alterio giuliano,,
d. miguel sebastiao,,
da casa,,
damodar chinchonkar,,
daniel ferreira,,
daniel gomes,,
daniel holdsworth delgado,,
daniel holdsworth delgado,,
daniel paula,,
daniel putz,,
daniel rente,jose barros,francisco correia
daniel sousa,,
daniela castello branco,,
daniela lorent,,
daniela silva,,
daniele bulgarella lorenzo marchesani,,
danilo martins,,
danilo martins,,
david estevao,,
david inacio,,
david jesus,,
david marques,,
david neto,,
david pinheiro,,
david vieira,,
david vieira,,
davide verdirosa,,
dhiego silva,,
dhiego silva,,
diego gonzalez,,
diogo carvalho,,
diogo carvalho,,
diogo martins,,
diogo medalha,,
diogo meireles,,
diogo pimentel,,
diogo silva,,
diogo simoes,,
dona madalena,,
dores alves,,
dores alves,,
duarte eira,,
edson coutinho,,
eduardo,,
eduardo barsotti,,
eduardo quintana,,
eduardo quintana,,
edward dutton,,
edwin rodriguez ( propietario),,
efigenia soares,,
elisabete pinto (,,
elsa,,
emanuel rodriguez,,
emanuel soares,,
emidio freire,,
eneko atxa,,
ennio interlenghi,,
ennio interlenghi,,
enrico,,
enrique perez,,
erik marchesan,,
ermelinda silva,,
ermelinda silva,,
esteves pereira,dona maria gomes,
eugenio guedes,,
euliterio de assuncao,,
evandro goncalves,,
executive - manuela devietti goggia,,
executive - manuela devietti goggia,,
fabien bourdet,,
fabien bourdet,,
fabio alves,,
fagner buzinhani,,
fatima rebocho,,
fatima salvador,,
fernanda vieira,,
fernando caridade,,
fernando machado,,
fernando p. arellano,,
fernando p. arellano,,
fernando sousa,,
filipe bento,,
filipe fonseca,,
filipe leonardo,,
filipe lopes,,
filipe rebocho,,
filipe serrao,,
filippos valtinos,,
flavio barbosa,,
florian barbarot,,
florian barbarot,,
francisco almeida,,
francisco martins,,
francisco neto,,
franco iacuzzi,,
galyna vatamanyuk,,
gatto ginno,,
gerson almeida,,
giampaolo marchese,,
gian paolo,,
gianfranco,,
gianluca giampaolo,,
gianni de luca,,
gina corda,,
giovanni pellegrino,,
giuseppe paban,,
goncalo paulos,,
goncalo trindade,,
guilherme oliveira,,
guilherme sousa,,
guilherme spalk,,
guilhermina rosario,,
guillaume sanchez,,
habner gomes,,
helder martins,,
helder rodrigues,,
henrique leis,,
henrique lopes,,
henrique sa pessoa,,
henrique sa pessoa,,
henrique sampaio ferreira,,
hoang duc nguyen,,
horacio albino,,
hugo alves,,
hugo bernardo,,
hugo cortez,,
hugo dias,,
hugo dias,,
hugo hering,,
hugo midao dias,,
hugo sousa,,
hugo sousa,,
hugo teixeira,,
hyeongsoon choi,,
idriss,,
igor santos,,
inajara luijben,,
inajara luijben,,
ines lopes,,
inga martin,,
ingen mojlighet for barnvagn. aldersgrans pa 12 ar. kontantfri restaurang,ej mojlighet for take away.,
iovani valle,,
iovani valle,,
iovani valle,,
iqbal hossain mohon,,
iqbal hossain mohon,,
irwin durand,,
isabel pires,,
israel fernandes,,
ivonete goncalves,,
jailson viraz,,
jaime,,
jamie oliver,,
jamie oliver,,
jassi,,
jean-marc boyer,,
jean-marc boyer,,
jeff monaco,,
jefferson monaco,,
jessica brito,,
joana ivo,,
joana silva,,
joao almeida,,
joao almeida,,
joao amorim,,
joao bivar,,
joao caio,,
joao correia,,
joao correia,,
joao cura,,
joao dias,,
joao durao,,
joao magalhaes,,
joao miguel lombardo,,
joao narigueta,,
joao narigueta,,
joao oliveira,,
joao paulo,patricia romeiro,
joao paulo,patricia romeiro,
joao paulo,patricia romeiro,
joao paulo duarte,,
joao ribeiro,,
joao ricardo alves & sommelier alejandro chavarro,,
joao santos,,
joao silva,,
joao valente,,
joao veloso,,
joaquim raimundo,,
joberto araujo,,
joel simao,,
johnnie crowe,,
johnnie crowe,,
jorge coimbra,,
jorge fernandes,,
jorge flor,,
jorge moreira,,
jorge santos,,
jorge santos,,
jorge vasconcelos,,
jose,,
jose alexandre,,
jose alves,,
jose antonio campoviejo,,
jose balde,,
jose do carmo,,
jose freitas,,
jose freitas,,
jose gomes,,
jose guerreiro dias martins,,
jose guerreiro dias martins,,
jose luis trigueiro,,
jose maria gomes,,
jose maria gomes,,
jose montero,,
jose ramos,,
jose rebocho,,
jose santos,,
jose silva,,
julien maunoir,,
julien montbabut,,
julio ferradas,,
julio ferradas,,
julio ferradas,,
julio ferradas,,
junko kawasaki,,
junko kawasaki,,
justin jennings,,
kadu,,
karol,,
kelving cordero,,
kiko martins,,
krystopher sanchez,,
laux thierry,,
leandro nascimento,,
leonardo galvao,,
leticia costa,,
licinia quintelas,,
lidia soares mira,,
liliana almeida,,
lino mendes,,
lino mendes,,
liudmyla movchan,,
ljubomir stanisic,,
ljubomir stanisic,,
louis-philippe capo,,
louis-philippe capo,,
lucas aaron,,
lucas alves,,
lucas kc,,
lucas mendes,,
lucas mendes,,
lucia fernandes,,
lucia ribeiro,,
luciano soares,,
luis apostolo,,
luis arotengo zamudio,,
luis barradas,,
luis candeias,,
luis candeias,,
luis candeias,,
luis candeias,,
luis correia,,
luis cristina,,
luis duarte,,
luis duarte,,
luis ferreira,,
luis ferreira,,
luis ferreira,,
luis gaspar,,
luis gaspar,,
luis gaspar,,
luis goncalves,,
luis lavrador,,
luis lopes,,
luis magalhaes,,
luis minuzzi,,
luis mourao,,
luis mourao,,
luis mourao,,
luis mourao,,
luis mourao,,
luis mourao,,
luis nunes,,
luis pronto,,
luis santos,,
luis santos,,
luisa,,
luisa gouveia,,
luisa pinto,,
luiz henrique,,
luka,,
lurdes carvalho,,
luz baleizao,,
maia mereuta / cristian errati,,
malik,,
manel aguas,,
manel aguas,,
manel aguiar,,
manuel barreto,,
manuel dias,,
manuel dias,,
manuel faria,,
manuel ferreira,,
manuel pio,,
manuel silva,,
manuel silva,,
manuela brandao,,
manuela colaco,,
manuele bazzoni,,
manuele bazzoni,,
marcio lopes,,
marcio silva,,
marcio silva,,
marco almeida,,
marco chamberlain homem de sa,,
marco gomes,,
marco santos,,
marco sousa,,
marcos guedes,,
marcos vicentin,,
margarida graca,,
maria do carmo,,
maria do carmo alves,,
maria do rosario - desde 1987,,
maria dos anjos martins,,
maria jose freitas lima,,
maria jose martinez,,
maria jose martinez,,
maria miranda,,
maria teresa bento,,
mariana fernandes,,
marilu,,
mario cardoso,,
mario lino,marco morais,
mario vasconcelos,,
marlene neto,,
marta figueiredo,,
masahiro moriya,,
masahiro moriya,,
massimo sarais,,
mateus oliveira,,
mathew maia,,
maurice belhaj,,
mauricio horsth,,
mauricio lage,,
mauro de sousa,,
maxime kozlitine,,
mendes,,
mendes,,
menu terrasse obligatoire pour l'acces a la terrasse.,,
micael figueiredo,,
michael toledo,,
miguel batista,,
miguel frias,,
miguel navarro,,
miguel neto,,
miguel silva,,
miguel silva,,
miguel silva,,
milan jurgha magar,,
milton ferreira,,
miraela,,
miraela,,
monica gomes,,
morais,,
narayan rao,,
natanael silva,,
nathan cornwell,,
nathan cornwell,,
nathan cornwell,,
nathy,,
naturvinbar. ingen mojlighet for barnvagn. aldersgrans pa 12 ar. kontantfri restaurang,ej mojlighet for take away.,
naturvinbar. ingen mojlighet for barnvagn. aldersgrans pa 12 ar. kontantfri restaurang,ej mojlighet for take away.,
nelson candeias,,
nelson mendes,,
nelson rolo,,
nicola,,
nirmal save,,
noel berard,,
noel berard,,
noki,,
noppadol chanlongchubchit,,
norimichi hori,,
not applicable,,
not applicable,,
not applicable,,
not applicable,,
not applicable,,
not applicable,,
not applicable,,
not applicable,,
not applicable,,
not applicable,,
not applicable,,
not applicable,,
not applicable,,
not applicable,,
not applicable,,
not applicable,,
not applicable,,
not applicable,,
not applicable,,
not applicable,,
not applicable,,
not applicable,,
not applicable,,
not applicable,,
not applicable,,
not applicable,,
not applicable,,
not applicable,,
not applicable,,
not applicable,,
not applicable,,
not applicable,,
not applicable,,
not applicable,,
not applicable,,
not applicable,,
not applicable,,
not applicable,,
not applicable,,
not applicable,,
not applicable,,
not applicable,,
not applicable,,
not applicable,,
not applicable,,
not applicable,,
not applicable,,
not applicable,,
not applicable,,
not applicable,,
not applicable,,
not applicable,,
not applicable,,
not applicable,,
not applicable,,
not applicable,,
not applicable,,
not applicable,,
not applicable,,
not applicable,,
not applicable,,
not applicable,,
not applicable,,
not applicable,,
not applicable,,
not applicable,,
not applicable,,
not applicable,,
not applicable,,
not applicable,,
not applicable,,
not applicable,,
not applicable,,
not applicable,,
not applicable,,
not applicable,,
not applicable,,
not applicable,,
not applicable,,
not applicable,,
not applicable,,
not applicable,,
not applicable,,
not applicable,,
not applicable,,
not applicable,,
not applicable,,
not applicable,,
not applicable,,
not applicable,,
not applicable,,
not applicable,,
not applicable,,
not applicable,,
not applicable,,
not applicable,,
not applicable,,
not applicable,,
not applicable,,
not applicable,,
not applicable,,
not applicable,,
not applicable,,
not applicable,,
not applicable,,
not applicable,,
not applicable,,
not applicable,,
not applicable,,
not applicable,,
not applicable,,
not applicable,,
not applicable,,
not applicable,,
not applicable,,
not applicable,,
not applicable,,
not applicable,,
not applicable,,
not applicable,,
not applicable,,
not applicable,,
not applicable,,
not applicable,,
not applicable,,
not applicable,,
not applicable,,
not applicable,,
not applicable,,
not applicable,,
not applicable,,
not applicable,,
not applicable,,
not applicable,,
not applicable,,
not applicable,,
not applicable,,
not applicable,,
not applicable,,
not applicable,,
not applicable,,
not applicable,,
not applicable,,
not applicable,,
not applicable,,
not applicable,,
not applicable,,
not applicable,,
not applicable,,
not applicable,,
not applicable,,
not applicable,,
not applicable,,
not applicable,,
not applicable,,
not applicable,,
not applicable,,
not applicable,,
not applicable,,
not applicable,,
not applicable,,
not applicable,,
not applicable,,
not applicable,,
not applicable,,
not applicable,,
not applicable,,
not applicable,,
not applicable,,
not applicable,,
not applicable,,
not applicable,,
not applicable,,
not applicable,,
not applicable,,
not applicable,,
not applicable,,
not applicable,,
not applicable,,
not applicable,,
not applicable,,
not applicable,,
not applicable,,
not applicable,,
not applicable,,
not applicable,,
not applicable,,
not applicable,,
not applicable,,
not applicable,,
not applicable,,
not applicable,,
not applicable,,
not applicable,,
not applicable,,
not applicable,,
not applicable,,
not applicable,,
not applicable,,
not applicable,,
not applicable,,
not applicable,,
not applicable,,
not applicable,,
not applicable,,
not applicable,,
not applicable,,
not applicable,,
not applicable,,
not applicable,,
not applicable,,
not applicable,,
not applicable,,
not applicable,,
not applicable,,
not applicable,,
not applicable,,
not applicable,,
not applicable,,
not applicable,,
not applicable,,
not applicable,,
not applicable,,
not applicable,,
not applicable,,
not applicable,,
not applicable,,
not applicable,,
not applicable,,
not applicable,,
not applicable,,
not applicable,,
not applicable,,
not applicable,,
not applicable,,
not applicable,,
not applicable,,
not applicable,,
not applicable,,
not applicable,,
not applicable,,
not applicable,,
not applicable,,
not applicable,,
not applicable,,
not applicable,,
not applicable,,
not applicable,,
not applicable,,
not applicable,,
not applicable,,
not applicable,,
not applicable,,
not applicable,,
not applicable,,
not applicable,,
not applicable,,
not applicable,,
not applicable,,
not applicable,,
not applicable,,
not applicable,,
not applicable,,
not applicable,,
not applicable,,
not applicable,,
not applicable,,
not applicable,,
not applicable,,
not applicable,,
not applicable,,
not applicable,,
not applicable,,
not applicable,,
not applicable,,
not applicable,,
not applicable,,
not applicable,,
not applicable,,
not applicable,,
not applicable,,
not applicable,,
not applicable,,
not applicable,,
not applicable,,
not applicable,,
not applicable,,
not applicable,,
not applicable,,
not applicable,,
not applicable,,
not applicable,,
not applicable,,
not applicable,,
not applicable,,
not applicable,,
not applicable,,
not applicable,,
not applicable,,
not applicable,,
not applicable,,
not applicable,,
not applicable,,
not applicable,,
not applicable,,
not applicable,,
not applicable,,
not applicable,,
not applicable,,
not applicable,,
not applicable,,
not applicable,,
not applicable,,
not applicable,,
not applicable,,
not applicable,,
not applicable,,
not applicable,,
not applicable,,
not applicable,,
not applicable,,
not applicable,,
not applicable,,
not applicable,,
not applicable,,
not applicable,,
not applicable,,
not applicable,,
not applicable,,
not applicable,,
not applicable,,
not applicable,,
not applicable,,
not applicable,,
not applicable,,
not applicable,,
not applicable,,
not applicable,,
not applicable,,
not applicable,,
not applicable,,
not applicable,,
not applicable,,
not applicable,,
not applicable,,
not applicable,,
not applicable,,
not applicable,,
not applicable,,
not applicable,,
not applicable,,
not applicable,,
not applicable,,
not applicable,,
not applicable,,
not applicable,,
not applicable,,
not applicable,,
not applicable,,
not applicable,,
not applicable,,
not applicable,,
not applicable,,
not applicable,,
not applicable,,
not applicable,,
not applicable,,
not applicable,,
not applicable,,
not applicable,,
not applicable,,
not applicable,,
not applicable,,
not applicable,,
not applicable,,
not applicable,,
not applicable,,
not applicable,,
not applicable,,
not applicable,,
not applicable,,
not applicable,,
not applicable,,
not applicable,,
not applicable,,
not applicable,,
not applicable,,
not applicable,,
not applicable,,
not applicable,,
not applicable,,
not applicable,,
not applicable,,
not applicable,,
not applicable,,
not applicable,,
not applicable,,
not applicable,,
not applicable,,
not applicable,,
not applicable,,
not applicable,,
not applicable,,
not applicable,,
not applicable,,
not applicable,,
not applicable,,
not applicable,,
not applicable,,
not applicable,,
not applicable,,
not applicable,,
not applicable,,
not applicable,,
not applicable,,
not applicable,,
not applicable,,
not applicable,,
not applicable,,
not applicable,,
not applicable,,
not applicable,,
not applicable,,
not applicable,,
not applicable,,
not applicable,,
not applicable,,
not applicable,,
not applicable,,
not applicable,,
not applicable,,
not applicable,,
not applicable,,
not applicable,,
not applicable,,
not applicable,,
not applicable,,
not applicable,,
not applicable,,
not applicable,,
not applicable,,
not applicable,,
not applicable,,
not applicable,,
not applicable,,
not applicable,,
not applicable,,
not applicable,,
not applicable,,
not applicable,,
not applicable,,
not applicable,,
not applicable,,
not applicable,,
not applicable,,
not applicable,,
not applicable,,
not applicable,,
not applicable,,
not applicable,,
not applicable,,
not applicable,,
not applicable,,
not applicable,,
not applicable,,
not applicable,,
not applicable,,
not applicable,,
not applicable,,
not applicable,,
not applicable,,
not applicable,,
not applicable,,
not applicable,,
not applicable,,
not applicable,,
not applicable,,
not applicable,,
not applicable,,
not applicable,,
not applicable,,
not applicable,,
not applicable,,
not applicable,,
not applicable,,
not applicable,,
not applicable,,
not applicable,,
not applicable,,
not applicable,,
not applicable,,
not applicable,,
not applicable,,
not applicable,,
not applicable,,
not applicable,,
not applicable,,
not applicable,,
not applicable,,
not applicable,,
not applicable,,
not applicable,,
not applicable,,
not applicable,,
not applicable,,
not applicable,,
not applicable,,
not applicable,,
not applicable,,
not applicable,,
not applicable,,
not applicable,,
not applicable,,
not applicable,,
not applicable,,
not applicable,,
not applicable,,
not applicable,,
not applicable,,
not applicable,,
not applicable,,
not applicable,,
not applicable,,
not applicable,,
not applicable,,
not applicable,,
not applicable,,
not applicable,,
not applicable,,
not applicable,,
not applicable,,
not applicable,,
not applicable,,
not applicable,,
not applicable,,
not applicable,,
not applicable,,
not applicable,,
not applicable,,
not applicable,,
not applicable,,
not applicable,,
not applicable,,
not applicable,,
not applicable,,
not applicable,,
not applicable,,
not applicable,,
not applicable,,
not applicable,,
not applicable,,
not applicable,,
not applicable,,
not applicable,,
not applicable,,
not applicable,,
not applicable,,
not applicable,,
not applicable,,
not applicable,,
not applicable,,
not applicable,,
not applicable,,
not applicable,,
not applicable,,
not applicable,,
not applicable,,
not applicable,,
not applicable,,
not applicable,,
not applicable,,
not applicable,,
not applicable,,
not applicable,,
not applicable,,
not applicable,,
not applicable,,
not applicable,,
not applicable,,
not applicable,,
not applicable,,
not applicable,,
not applicable,,
not applicable,,
not applicable,,
not applicable,,
not applicable,,
not applicable,,
not applicable,,
not applicable,,
not applicable,,
not applicable,,
not applicable,,
not applicable,,
not applicable,,
not applicable,,
not applicable,,
not applicable,,
not applicable,,
not applicable,,
not applicable,,
not applicable,,
not applicable,,
not applicable,,
not applicable,,
not applicable,,
not applicable,,
not applicable,,
not applicable,,
not applicable,,
not applicable,,
not applicable,,
not applicable,,
not applicable,,
not applicable,,
not applicable,,
not applicable,,
not applicable,,
not applicable,,
not applicable,,
not applicable,,
not applicable,,
not applicable,,
not applicable,,
not applicable,,
not applicable,,
not applicable,,
not applicable,,
not applicable,,
not applicable,,
not applicable,,
not applicable,,
not applicable,,
not applicable,,
not applicable,,
not applicable,,
not applicable,,
not applicable,,
not applicable,,
not applicable,,
not applicable,,
not applicable,,
not applicable,,
not applicable,,
not applicable,,
not applicable,,
not applicable,,
not applicable,,
not applicable,,
not applicable,,
not applicable,,
not applicable,,
not applicable,,
not applicable,,
not applicable,,
not applicable,,
not applicable,,
not applicable,,
not applicable,,
not applicable,,
not applicable,,
not applicable,,
not applicable,,
not applicable,,
not applicable,,
not applicable,,
not applicable,,
not applicable,,
not applicable,,
not applicable,,
not applicable,,
not applicable,,
not applicable,,
not applicable,,
not applicable,,
not applicable,,
not applicable,,
not applicable,,
not applicable,,
not applicable,,
not applicable,,
not applicable,,
not applicable,,
not applicable,,
not applicable,,
not applicable,,
not applicable,,
not applicable,,
not applicable,,
not applicable,,
not applicable,,
not applicable,,
not applicable,,
not applicable,,
not applicable,,
not applicable,,
not applicable,,
not applicable,,
not applicable,,
not applicable,,
not applicable,,
not applicable,,
not applicable,,
not applicable,,
not applicable,,
not applicable,,
not applicable,,
not applicable,,
not applicable,,
not applicable,,
not applicable,,
not applicable,,
not applicable,,
not applicable,,
not applicable,,
not applicable,,
not applicable,,
not applicable,,
not applicable,,
not applicable,,
not applicable,,
not applicable,,
not applicable,,
not applicable,,
not applicable,,
not applicable,,
not applicable,,
not applicable,,
not applicable,,
not applicable,,
not applicable,,
not applicable,,
not applicable,,
not applicable,,
not applicable,,
not applicable,,
not applicable,,
not applicable,,
not applicable,,
not applicable,,
not applicable,,
not applicable,,
not applicable,,
not applicable,,
not applicable,,
not applicable,,
not applicable,,
not applicable,,
not applicable,,
not applicable,,
not applicable,,
not applicable,,
not applicable,,
not applicable,,
not applicable,,
not applicable,,
not applicable,,
not applicable,,
not applicable,,
not applicable,,
not applicable,,
not applicable,,
not applicable,,
not applicable,,
not applicable,,
not applicable,,
not applicable,,
not applicable,,
not applicable,,
not applicable,,
not applicable,,
not applicable,,
not applicable,,
not applicable,,
not applicable,,
not applicable,,
not applicable,,
not applicable,,
not applicable,,
not applicable,,
not applicable,,
not applicable,,
not applicable,,
not applicable,,
not applicable,,
not applicable,,
not applicable,,
not applicable,,
not applicable,,
not applicable,,
not applicable,,
not applicable,,
not applicable,,
not applicable,,
not applicable,,
not applicable,,
not applicable,,
not applicable,,
not applicable,,
not applicable,,
not applicable,,
not applicable,,
not applicable,,
not applicable,,
not applicable,,
not applicable,,
not applicable,,
not applicable,,
not applicable,,
not applicable,,
not applicable,,
not applicable,,
not applicable,,
not applicable,,
not applicable,,
not applicable,,
not applicable,,
not applicable,,
not applicable,,
not applicable,,
not applicable,,
not applicable,,
not applicable,,
not applicable,,
not applicable,,
not applicable,,
not applicable,,
not applicable,,
not applicable,,
not applicable,,
not applicable,,
not applicable,,
not applicable,,
not applicable,,
not applicable,,
not applicable,,
not applicable,,
not applicable,,
not applicable,,
not applicable,,
not applicable,,
not applicable,,
not applicable,,
not applicable,,
not applicable,,
not applicable,,
not applicable,,
not applicable,,
not applicable,,
not applicable,,
not applicable,,
not applicable,,
not applicable,,
not applicable,,
not applicable,,
not applicable,,
not applicable,,
not applicable,,
not applicable,,
not applicable,,
not applicable,,
not applicable,,
not applicable,,
not applicable,,
not applicable,,
not applicable,,
not applicable,,
not applicable,,
not applicable,,
not applicable,,
not applicable,,
not applicable,,
not applicable,,
not applicable,,
not applicable,,
not applicable,,
not applicable,,
not applicable,,
not applicable,,
not applicable,,
not applicable,,
not applicable,,
not applicable,,
not applicable,,
not applicable,,
not applicable,,
not applicable,,
not applicable,,
not applicable,,
not applicable,,
not applicable,,
not applicable,,
not applicable,,
not applicable,,
not applicable,,
not applicable,,
not applicable,,
not applicable,,
not applicable,,
not applicable,,
not applicable,,
not applicable,,
not applicable,,
not applicable,,
not applicable,,
not applicable,,
not applicable,,
not applicable,,
not applicable,,
not applicable,,
not applicable,,
not applicable,,
not applicable,,
not applicable,,
not applicable,,
not applicable,,
not applicable,,
not applicable,,
not applicable,,
not applicable,,
not applicable,,
not applicable,,
not applicable,,
not applicable,,
not applicable,,
not applicable,,
not applicable,,
not applicable,,
not applicable,,
not applicable,,
not applicable,,
not applicable,,
not applicable,,
not applicable,,
not applicable,,
not applicable,,
not applicable,,
not applicable,,
not applicable,,
not applicable,,
not applicable,,
not applicable,,
not applicable,,
not applicable,,
not applicable,,
not applicable,,
not applicable,,
not applicable,,
not applicable,,
not applicable,,
not applicable,,
not applicable,,
not applicable,,
not applicable,,
not applicable,,
not applicable,,
not applicable,,
not applicable,,
not applicable,,
not applicable,,
not applicable,,
not applicable,,
not applicable,,
not applicable,,
not applicable,,
not applicable,,
not applicable,,
not applicable,,
not applicable,,
not applicable,,
not applicable,,
not applicable,,
not applicable,,
not applicable,,
not applicable,,
not applicable,,
not applicable,,
not applicable,,
not applicable,,
not applicable,,
not applicable,,
not applicable,,
not applicable,,
not applicable,,
not applicable,,
not applicable,,
not applicable,,
not applicable,,
not applicable,,
not applicable,,
not applicable,,
not applicable,,
not applicable,,
not applicable,,
not applicable,,
not applicable,,
not applicable,,
not applicable,,
not applicable,,
not applicable,,
not applicable,,
not applicable,,
not applicable,,
not applicable,,
not applicable,,
not applicable,,
not applicable,,
not applicable,,
not applicable,,
not applicable,,
not applicable,,
not applicable,,
not applicable,,
not applicable,,
not applicable,,
not applicable,,
not applicable,,
not applicable,,
not applicable,,
not applicable,,
not applicable,,
not applicable,,
not applicable,,
not applicable,,
not applicable,,
not applicable,,
not applicable,,
not applicable,,
not applicable,,
not applicable,,
not applicable,,
not applicable,,
not applicable,,
not applicable,,
not applicable,,
not applicable,,
not applicable,,
not applicable,,
not applicable,,
not applicable,,
not applicable,,
not applicable,,
not applicable,,
not applicable,,
not applicable,,
not applicable,,
not applicable,,
not applicable,,
not applicable,,
not applicable,,
not applicable,,
nuande pekel,,
nuno barros,,
nuno bras,,
nuno martins,,
nuno varela,,
octave kasakolu,,
olivia,,
olivier costa,,
olivier costa,,
olivier costa,,
olivier da costa,,
olivier da costa,,
olivier da costa,,
olivier da costa,alexandre hatano,
osman tay,,
palmira alberto,,
patricia martins,,
patricia primor,carlos mota,
patrick lefeuvre,,
paula bexiga,,
paula simoes,,
paulo felisberto,,
paulo felix,,
paulo fonseca,,
paulo goncalves,,
paulo pessoa,,
paulo pessoa,,
paulo santos,,
pedro alves dos santos,,
pedro canha,,
pedro castel-branco,,
pedro fernandes,,
pedro fernandes & adriano peixoto,,
pedro guarino,,
pedro ingles marques,,
pedro jorge,,
pedro macedo,,
pedro mendes,,
pedro pasqualette,,
pedro pires,,
pedro ruivo,,
pericles lacerda,,
philip brunner,,
philippe gelfi,,
phuntsok dolma,,
pierre lefebvre,,
pierre lefebvre,,
pizza bx,,
pratap thapa,,
pratap thapa,,
rafa soler,,
rafa soler,,
rafael duarte,,
rafael gomes,,
rafael gomes,,
rafael santos,,
raffaele de mase,,
raffaele de mase,,
rajveer singh,,
rajveer singh,,
raphael,,
raphael szurek,,
raphael szurek,,
raul balam,,
raul resino,,
renato velez,,
ricardo,,
ricardo batista,,
ricardo cabrita,,
ricardo cabrita,,
ricardo carvalho,,
ricardo casqueiro,,
ricardo dias ferreira,,
ricardo dias ferreira,lorina gaspar,
ricardo estevas,,
ricardo goncalves,,
ricardo macedo,,
ricardo marques,,
ricardo simoes,,
richie,,
rita queiroz,,
roberto di cristo,,
roberto gonzalez,,
robson oliveira,,
rodi fernandez,,
rodolfo pereira,,
rodrigo cardoso,,
rodrigo castelo,,
rodrigo de la calle,,
rodrigo de la calle,,
rodrigo pinta,,
romilson santos,,
romilson santos,,
rosmel mendez,,
ruben flor,,
rui barbosa,,
rui castilho,,
rui lima santos,,
rui lima santos,,
rui mota,,
rui paula,,
rui paula,,
rui paula,,
rui rebelo,,
rui rebelo,,
rui santos,,
rui santos,,
rui santos,,
rui sequeira,,
rui sequeira,,
rui sequeira,,
rui sequeira,,
rui silva,,
rui vicente,,
salvatore lega,,
salvatore lega,,
samuel,,
samuel mota,,
sanam pokhrel,,
sanam pokhrel,,
sanam pokhrel,,
sandra carvalho,,
sandro & nanda,,
sandro farinho,,
sanguedo,,
sara verde,,
satoshi horiuchi,,
satoshi horiuchi,,
satoshi horiuchi,,
satoshi horiuchi,,
scettro ernesto,,
sean marsh,,
seban,,
sebastian ignacio,,
sebastian santos,,
sepideh radfar,,
serafim cardoso,,
sergi arola,,
sergi arola,,
sergio duarte,,
sergio goncalves,,
sergio goncalves,,
servando guzman serrano el clan destino,,
silvia brandi,,
silvino goncalves,,
simao leal,,
simao ramos,,
simao ramos,,
simao ramos,,
simoes,,
simoes,,
simone spiga,,
sky visser,,
sofia costa,,
sofio,,
stefano,,
stefano sacilotto,,
sujan subedi,,
susan hooper,,
susan hooper,,
susana borges,,
susana felicidade,,
susana sousa,,
susi diaz,,
suzette,,
sylvain ajavon,,
sylvain ajavon,,
tania oliveira,,
tati justino,,
tati justino,,
telma antonio,,
teresa,,
teresa,,
teresa aldeia nova,,
teresa ribeiro,,
tetsuya yoshida,,
tetsuya yoshida,,
tetsuya yoshida,,
thiago cesar,,
thomas chisholm,,
tia isabel,,
tiago,,
tiago,,
tiago amorim,,
tiago bonito,hugo portela,
tiago carvalho,,
tiago correia,,
tiago santos,,
tiago santos,,
tiago santos,,
tiago valente,,
tony salgado,,
toshitaka omiya,,
umberto esposito,,
upahar ghimire & hemanta lama,,
valdemar marques,,
vanessa moura,,
vera silva,,
vini lisboa,,
vini lisboa,,
vinod singh pundeer,,
vitali,,
vitali,,
vitor adao,,
vitor cruz ribeiro,,
vitor de oliveira,,
vitor dias,,
vitor dias,,
vitor ferreira,,
vitor ferreira,,
vitor gomes,,
vitor gomes,,
vitor goncalves,,
vitor mancio,,
vitor mancio,,
vitor matos & liliana moura,,
vitor pereira,,
"vitor sobral,",,
vitor veloso,,
vittorio colleoni,,
wilhelm wurger,,
william drabble,,
william drabble,,
xana,raul,
xavier laffont,,
xavier oliveira,,
yana malayko,,
yana malayko,,
yang suly,,
yann sandrini,,
yasuo nanaumi,,
yesenia boica,,
yoni,,
yoshi nagato,,
yoshi nagato,,
