res_name,guest_name,email,date,time,num_people,special_requests
Sushi Palace,Shaul,carols,2019-12-12,12:00,2,
Sushi Palace,Shaul,carols,2020-12-12,14:00,2,
Galinha da Vizinha - Albufeira,,carolshaul@gmail.com,2023-12-29,19:16:00,1,
Invictus,,carolshaul@gmail.com,2023-12-29,19:18:00,1,
Invictus,Carol,carolshaul@gmail.com,2023-12-29,19:30:00,1,
Steakhouse by Real,Carol,carolshaul@gmail.com,2023-12-29,19:30:00,1,
Requinte Frutado,Noca,ana@gmail.com,2023-12-30,13:30:00,1,
Johnny Hoopers Saxophone Bistro,Carol,carolshaul@gmail.com,2024-01-18,19:30:00,6,
Galinha da Vizinha - Albufeira,Luisa,luisa123@gmail.com,2024-01-04,19:45:00,2,
Alkimia Madeirense,madawena,madalenaramalho@gmail.com,2024-01-02,20:00:00,4,festa de anivers√°rio
